,phi,pi,label
0,0.19216567,-0.058301527,0.0
1,0.8423498,-0.0678391,0.0
2,0.8193306,-0.07499354,0.0
3,0.15356812,-0.047415297,0.0
4,0.039118867,-0.012621657,0.0
5,0.320929,-0.08955235,0.0
6,0.6890357,-0.10429292,0.0
7,0.06624121,-0.020952389,0.0
8,0.23341002,-0.06942212,0.0
9,0.022440722,-0.0071434313,0.0
10,0.499215,-0.112922445,0.0
11,0.7900205,-0.083482325,0.0
12,0.11267823,-0.035420362,0.0
13,0.0354722,-0.01111498,0.0
14,1.225279,0.15305045,0.0
15,1.0726805,0.041912675,0.0
16,0.33427107,-0.092016414,0.0
17,0.33093286,-0.091563314,0.0
18,1.2777443,0.19840828,0.0
19,1.2441669,0.16888246,0.0
20,0.8811091,-0.05396605,0.0
21,0.62456924,-0.111538894,0.0
22,0.8029778,-0.07994898,0.0
23,0.9295556,-0.034073386,0.0
24,0.44207886,-0.10835579,0.0
25,0.30216026,-0.08569307,0.0
26,0.018332979,-0.0058179954,0.0
27,0.42103055,-0.105915636,0.0
28,0.32273442,-0.08971862,0.0
29,0.88283336,-0.053347044,0.0
30,0.6008094,-0.11301083,0.0
31,0.7558258,-0.091729194,0.0
32,0.74428123,-0.09448564,0.0
33,0.74661255,-0.0938054,0.0
34,0.33617127,-0.09260929,0.0
35,0.29005805,-0.083018206,0.0
36,1.2773486,0.19807869,0.0
37,0.1341995,-0.041898813,0.0
38,0.12881832,-0.040325332,0.0
39,0.6934202,-0.10350383,0.0
40,0.09916448,-0.031152647,0.0
41,0.25308692,-0.07422097,0.0
42,0.12559076,-0.039243802,0.0
43,0.013752433,-0.004346755,0.0
44,1.1715978,0.1102801,0.0
45,0.70836693,-0.101123974,0.0
46,1.206369,0.13742995,0.0
47,0.051600493,-0.016287716,0.0
48,0.44143164,-0.1082912,0.0
49,0.24227268,-0.07161867,0.0
50,0.2664355,-0.07740407,0.0
51,0.846241,-0.066572934,0.0
52,0.116304815,-0.03628054,0.0
53,1.0148456,0.007953867,0.0
54,0.27684045,-0.07991146,0.0
55,0.9049897,-0.04451683,0.0
56,0.4433076,-0.10839943,0.0
57,0.65730333,-0.108495966,0.0
58,0.108733125,-0.034161158,0.0
59,0.15487137,-0.047835555,0.0
60,0.8232528,-0.07388589,0.0
61,0.89985996,-0.04666633,0.0
62,0.7325734,-0.096696675,0.0
63,1.1515292,0.09544319,0.0
64,0.71797013,-0.09951294,0.0
65,1.2335789,0.15999693,0.0
66,0.28016093,-0.08085995,0.0
67,0.6831286,-0.10526103,0.0
68,0.5016658,-0.113072865,0.0
69,0.94160044,-0.028811224,0.0
70,0.2921933,-0.0834165,0.0
71,0.066483594,-0.020902056,0.0
72,0.31634656,-0.088704795,0.0
73,0.36978295,-0.09847938,0.0
74,0.6741024,-0.10645528,0.0
75,0.013543617,-0.004410029,0.0
76,0.6502851,-0.10916281,0.0
77,0.1271918,-0.039732393,0.0
78,1.0393568,0.02180701,0.0
79,0.23808777,-0.07068641,0.0
80,0.47009212,-0.11089546,0.0
81,0.2064975,-0.06230885,0.0
82,0.86219215,-0.061018758,0.0
83,0.45173278,-0.109423704,0.0
84,0.6411557,-0.110191576,0.0
85,0.7225283,-0.098686405,0.0
86,0.41968188,-0.105813034,0.0
87,0.79562205,-0.081771076,0.0
88,0.7389918,-0.09547745,0.0
89,0.485562,-0.11215327,0.0
90,0.47223997,-0.111143135,0.0
91,0.002162362,-0.00066002924,0.0
92,0.17992327,-0.05510141,0.0
93,0.2923292,-0.08347632,0.0
94,0.40206105,-0.1032883,0.0
95,0.22236142,-0.06655185,0.0
96,1.1316451,0.08113632,0.0
97,0.12842043,-0.04027241,0.0
98,0.20773031,-0.062742054,0.0
99,0.22886992,-0.06831285,0.0
100,0.031688318,-0.009984232,0.0
101,0.06444636,-0.020344958,0.0
102,0.2341861,-0.069508284,0.0
103,0.63281506,-0.11086724,0.0
104,0.06625668,-0.020895703,0.0
105,0.15945527,-0.04931239,0.0
106,0.76959515,-0.088534765,0.0
107,0.94970036,-0.02515941,0.0
108,0.71936655,-0.09927404,0.0
109,1.0891024,0.052354984,0.0
110,0.030085716,-0.009412341,0.0
111,0.061589893,-0.019543076,0.0
112,0.15350665,-0.047355544,0.0
113,0.6430528,-0.11007343,0.0
114,0.6346875,-0.110763796,0.0
115,0.96915424,-0.015656723,0.0
116,1.0796971,0.046479743,0.0
117,0.86999977,-0.058239687,0.0
118,0.55019456,-0.114236705,0.0
119,0.6602674,-0.10808119,0.0
120,0.07501343,-0.023774797,0.0
121,0.43578416,-0.1077918,0.0
122,0.48250866,-0.111905076,0.0
123,0.45020866,-0.109271236,0.0
124,0.15987644,-0.049328063,0.0
125,0.8218165,-0.07421476,0.0
126,0.82789695,-0.072290726,0.0
127,1.2435173,0.1683926,0.0
128,0.12319954,-0.03846541,0.0
129,0.78557765,-0.08458987,0.0
130,0.08620938,-0.027094556,0.0
131,0.84697986,-0.06634248,0.0
132,0.011105579,-0.0034600329,0.0
133,0.30907828,-0.087075986,0.0
134,0.010020925,-0.0030803136,0.0
135,0.5873787,-0.11359091,0.0
136,1.2412627,0.16633503,0.0
137,0.9993009,-0.000247097,0.0
138,0.8170193,-0.07566474,0.0
139,1.2704046,0.19177854,0.0
140,0.7157886,-0.09988031,0.0
141,0.44418466,-0.10854341,0.0
142,0.50911915,-0.113317244,0.0
143,0.13769649,-0.042714182,0.0
144,0.19030844,-0.057802435,0.0
145,0.20901474,-0.06315374,0.0
146,0.612908,-0.11229577,0.0
147,0.5752668,-0.11388535,0.0
148,0.77303976,-0.08783953,0.0
149,1.0628966,0.036004342,0.0
150,0.4216434,-0.10606444,0.0
151,0.98553634,-0.007623158,0.0
152,0.502852,-0.11292618,0.0
153,0.6336796,-0.11086122,0.0
154,0.07344212,-0.023113478,0.0
155,0.9481737,-0.025733862,0.0
156,0.14309266,-0.04457642,0.0
157,0.30957213,-0.087332375,0.0
158,1.2117049,0.1417312,0.0
159,0.14022084,-0.04356696,0.0
160,0.0019566608,-0.00052743324,0.0
161,0.8951002,-0.048542086,0.0
162,0.15382594,-0.04777503,0.0
163,0.63694257,-0.11037104,0.0
164,0.0828948,-0.026369177,0.0
165,0.3659331,-0.09786141,0.0
166,0.67676663,-0.10594809,0.0
167,0.23718588,-0.070286386,0.0
168,0.39054856,-0.10181094,0.0
169,1.2618247,0.18410356,0.0
170,0.20759629,-0.06280056,0.0
171,1.0786318,0.045660295,0.0
172,0.08099883,-0.025682837,0.0
173,0.51874137,-0.113597825,0.0
174,0.35229883,-0.09539585,0.0
175,0.8064419,-0.078753866,0.0
176,1.1134367,0.0686994,0.0
177,0.0689002,-0.02167361,0.0
178,0.32301992,-0.08995654,0.0
179,0.9233211,-0.03687122,0.0
180,0.33058125,-0.09138086,0.0
181,1.19602,0.12925766,0.0
182,0.9632566,-0.01849405,0.0
183,0.5934963,-0.11339603,0.0
184,0.4604183,-0.110051565,0.0
185,0.555253,-0.11431954,0.0
186,0.43224967,-0.107289754,0.0
187,0.18221682,-0.055545006,0.0
188,1.1098089,0.06611585,0.0
189,0.9371476,-0.030923516,0.0
190,0.12351728,-0.038649447,0.0
191,1.2143974,0.1439488,0.0
192,0.4089134,-0.10448266,0.0
193,0.32520247,-0.09027032,0.0
194,0.1760577,-0.054122876,0.0
195,0.7087575,-0.10116206,0.0
196,0.44527808,-0.10860371,0.0
197,0.5945909,-0.113437094,0.0
198,0.71104455,-0.10084351,0.0
199,0.011085061,-0.0035108798,0.0
200,0.20834683,-0.06279202,0.0
201,0.28899723,-0.082740776,0.0
202,0.8740998,-0.05668792,0.0
203,0.39345068,-0.10221414,0.0
204,0.4070622,-0.10405257,0.0
205,0.36298588,-0.097269885,0.0
206,0.83285993,-0.07083874,0.0
207,0.5731154,-0.11418514,0.0
208,0.33462104,-0.09237398,0.0
209,0.41510436,-0.10513169,0.0
210,0.28993848,-0.082948096,0.0
211,0.5445767,-0.11435987,0.0
212,0.035819646,-0.011538475,0.0
213,0.07362695,-0.023447337,0.0
214,0.46130154,-0.110317275,0.0
215,0.8260965,-0.07295879,0.0
216,1.2190427,0.14772733,0.0
217,0.51162815,-0.113414794,0.0
218,0.8860991,-0.05219208,0.0
219,0.9219966,-0.0373623,0.0
220,0.22155045,-0.066382125,0.0
221,0.4101557,-0.10443856,0.0
222,0.7845854,-0.08484737,0.0
223,0.48114276,-0.11164623,0.0
224,0.68441755,-0.104999796,0.0
225,0.062128015,-0.019637374,0.0
226,0.9901885,-0.005247374,0.0
227,0.45784578,-0.11003816,0.0
228,0.2762434,-0.07981667,0.0
229,0.5685618,-0.11403112,0.0
230,0.8317342,-0.071221344,0.0
231,0.5717148,-0.11402552,0.0
232,0.74469733,-0.09432736,0.0
233,0.3597436,-0.0968131,0.0
234,0.4161428,-0.10541223,0.0
235,1.2546492,0.17798759,0.0
236,0.13159361,-0.041010883,0.0
237,0.04750798,-0.015136376,0.0
238,0.50242895,-0.11288791,0.0
239,0.07221298,-0.02295764,0.0
240,0.13622458,-0.04253277,0.0
241,0.8917264,-0.04988784,0.0
242,0.44637087,-0.108792804,0.0
243,1.1490798,0.09367458,0.0
244,0.62649804,-0.111417845,0.0
245,0.5784351,-0.11380488,0.0
246,0.0040767738,-0.0011677614,0.0
247,1.0687228,0.039517757,0.0
248,0.989113,-0.0055839918,0.0
249,0.84335774,-0.06752236,0.0
250,0.80168027,-0.08012313,0.0
251,1.1535974,0.09685336,0.0
252,0.085520715,-0.027160797,0.0
253,0.5335273,-0.11414135,0.0
254,0.22280394,-0.066627555,0.0
255,0.056879222,-0.017914185,0.0
256,0.33856446,-0.093048416,0.0
257,0.53813195,-0.1142924,0.0
258,0.10551745,-0.03328667,0.0
259,0.0045517995,-0.0015473675,0.0
260,0.5666306,-0.114249736,0.0
261,0.33616772,-0.092531495,0.0
262,0.017677339,-0.0054523577,0.0
263,1.1793119,0.11615845,0.0
264,0.29361692,-0.08366617,0.0
265,1.2356366,0.1615423,0.0
266,0.9739174,-0.013448041,0.0
267,0.68719673,-0.104521796,0.0
268,1.0705594,0.040671125,0.0
269,0.115952566,-0.036529943,0.0
270,0.21982263,-0.06600919,0.0
271,0.029965607,-0.009681992,0.0
272,0.009271744,-0.0028208664,0.0
273,1.0009872,0.0005413367,0.0
274,1.2365403,0.16235404,0.0
275,0.47350532,-0.111326426,0.0
276,0.08446158,-0.026560599,0.0
277,0.24212456,-0.0716163,0.0
278,0.6237539,-0.111721404,0.0
279,0.6042437,-0.11272321,0.0
280,0.35376772,-0.09560186,0.0
281,1.1240013,0.075735405,0.0
282,0.0059342883,-0.001940334,0.0
283,0.00823315,-0.0027580007,0.0
284,0.3158515,-0.088492274,0.0
285,0.8034994,-0.07979951,0.0
286,0.21881786,-0.06563007,0.0
287,0.21535528,-0.06455735,0.0
288,0.47036317,-0.11103191,0.0
289,1.2198601,0.14851594,0.0
290,0.12224519,-0.038326565,0.0
291,0.40878356,-0.10434893,0.0
292,0.03456758,-0.0108792605,0.0
293,0.44266608,-0.108374014,0.0
294,0.28239352,-0.08116362,0.0
295,1.0398844,0.022121726,0.0
296,0.9220353,-0.0375394,0.0
297,0.80032814,-0.08069017,0.0
298,0.2550449,-0.07494049,0.0
299,0.06937891,-0.021870796,0.0
300,0.370893,-0.09882335,0.0
301,0.7075311,-0.10129432,0.0
302,0.8489047,-0.06545863,0.0
303,0.0045713657,-0.0014559216,0.0
304,0.6283918,-0.1112235,0.0
305,0.39635125,-0.10260599,0.0
306,1.2105854,0.14094914,0.0
307,0.718917,-0.09923418,0.0
308,1.2238021,0.15177049,0.0
309,0.53138727,-0.11409713,0.0
310,0.029624226,-0.009292924,0.0
311,0.8195407,-0.07494731,0.0
312,0.93462676,-0.03201251,0.0
313,0.91405046,-0.040965803,0.0
314,0.9329637,-0.03275578,0.0
315,0.42439204,-0.106261894,0.0
316,0.6887375,-0.10430883,0.0
317,0.16808423,-0.051646344,0.0
318,0.23682852,-0.07033174,0.0
319,0.03390532,-0.010637772,0.0
320,0.3494415,-0.095022745,0.0
321,0.083891995,-0.026476922,0.0
322,0.8069686,-0.07857928,0.0
323,1.161403,0.102724954,0.0
324,0.45229512,-0.10919104,0.0
325,0.9612183,-0.019678282,0.0
326,0.49674955,-0.11271664,0.0
327,0.4540138,-0.1096239,0.0
328,0.6402083,-0.110185735,0.0
329,0.84975964,-0.06516866,0.0
330,0.9200659,-0.038266435,0.0
331,0.44691813,-0.10870542,0.0
332,0.34913057,-0.09476511,0.0
333,1.0981967,0.058375485,0.0
334,0.29288396,-0.08348963,0.0
335,0.3961995,-0.10274207,0.0
336,0.1600189,-0.0493881,0.0
337,0.63749695,-0.11045296,0.0
338,0.5928201,-0.113445826,0.0
339,0.6979646,-0.10302072,0.0
340,1.0761876,0.044199605,0.0
341,0.43800876,-0.107962534,0.0
342,1.121063,0.07383981,0.0
343,1.0334852,0.018595463,0.0
344,0.8530295,-0.06427506,0.0
345,1.0471586,0.026374318,0.0
346,0.5562153,-0.11423936,0.0
347,0.3937311,-0.10224817,0.0
348,0.5892789,-0.11351793,0.0
349,1.0729746,0.042180404,0.0
350,0.002543825,-0.00073205796,0.0
351,0.17789388,-0.054647297,0.0
352,0.16110407,-0.049590904,0.0
353,0.55259943,-0.11435904,0.0
354,0.2035867,-0.061530404,0.0
355,0.56669813,-0.11400142,0.0
356,0.69396883,-0.10354776,0.0
357,0.5454377,-0.11428776,0.0
358,0.4458417,-0.10859765,0.0
359,1.0106877,0.005707874,0.0
360,0.47177374,-0.111160025,0.0
361,0.52927375,-0.11410291,0.0
362,0.90981555,-0.0425057,0.0
363,0.7747848,-0.08729614,0.0
364,0.211317,-0.063529514,0.0
365,0.64292634,-0.10984808,0.0
366,0.36185914,-0.097260475,0.0
367,1.116569,0.070715345,0.0
368,0.2581238,-0.075741194,0.0
369,1.2593943,0.18199007,0.0
370,0.84138215,-0.06794721,0.0
371,0.71480274,-0.10006487,0.0
372,0.16387433,-0.050614767,0.0
373,0.051971804,-0.01644348,0.0
374,0.33672267,-0.092757635,0.0
375,0.18354568,-0.056229807,0.0
376,0.12525998,-0.039052747,0.0
377,0.17083824,-0.052462686,0.0
378,0.023050338,-0.0074198414,0.0
379,0.43475327,-0.10750374,0.0
380,0.23715888,-0.0704424,0.0
381,0.93328255,-0.032400858,0.0
382,1.1513162,0.09523907,0.0
383,0.5311233,-0.11410945,0.0
384,0.26783794,-0.07802902,0.0
385,0.7780715,-0.08638201,0.0
386,1.1205367,0.0733679,0.0
387,0.9349175,-0.031795472,0.0
388,0.114781216,-0.036006052,0.0
389,0.40130547,-0.10324518,0.0
390,0.15068431,-0.046570804,0.0
391,0.13108477,-0.040781297,0.0
392,0.015180056,-0.0046549016,0.0
393,0.014222135,-0.004686644,0.0
394,0.92074925,-0.037915155,0.0
395,0.73785484,-0.09576426,0.0
396,0.099641465,-0.031255845,0.0
397,0.011565858,-0.0037504754,0.0
398,0.4047804,-0.103648394,0.0
399,0.94419724,-0.027653018,0.0
400,0.6988754,-0.102743655,0.0
401,0.8702044,-0.058090426,0.0
402,0.9819438,-0.009349975,0.0
403,0.5973023,-0.113291875,0.0
404,0.3331809,-0.09177807,0.0
405,1.2781864,0.19871862,0.0
406,0.9007505,-0.046379365,0.0
407,0.07412923,-0.023587938,0.0
408,1.1764588,0.113978416,0.0
409,0.6923436,-0.10394213,0.0
410,1.2283876,0.1554952,0.0
411,0.69766444,-0.10289446,0.0
412,0.5318394,-0.11403062,0.0
413,0.48473108,-0.11215436,0.0
414,0.35170215,-0.09531907,0.0
415,0.4008754,-0.10317959,0.0
416,1.1665283,0.10646387,0.0
417,1.1317452,0.08129851,0.0
418,0.58853155,-0.11356474,0.0
419,0.8515139,-0.06480723,0.0
420,0.30226085,-0.08554382,0.0
421,0.13306627,-0.041411694,0.0
422,0.3436194,-0.093761,0.0
423,0.97534704,-0.012721734,0.0
424,0.66792464,-0.107169755,0.0
425,0.25464645,-0.074766934,0.0
426,1.0296276,0.016357945,0.0
427,0.3945289,-0.10240004,0.0
428,1.1717381,0.11053059,0.0
429,0.0131530035,-0.0040607513,0.0
430,0.15114939,-0.04677293,0.0
431,0.4535309,-0.10945798,0.0
432,0.96091646,-0.019864589,0.0
433,0.03532549,-0.0113057615,0.0
434,1.1282967,0.07890965,0.0
435,0.8871843,-0.051728435,0.0
436,0.64375806,-0.10986759,0.0
437,1.236972,0.16285065,0.0
438,1.1346818,0.08323265,0.0
439,0.4261859,-0.10669593,0.0
440,0.046901576,-0.014868511,0.0
441,0.8108971,-0.077659175,0.0
442,1.0577023,0.032881986,0.0
443,0.3749098,-0.09942861,0.0
444,0.90738,-0.043596935,0.0
445,0.1362797,-0.04238773,0.0
446,1.1160134,0.07037382,0.0
447,0.7613786,-0.09049315,0.0
448,0.399829,-0.10313521,0.0
449,0.8243831,-0.0735693,0.0
450,0.03883731,-0.012533556,0.0
451,0.16569544,-0.051116753,0.0
452,0.61569077,-0.112020105,0.0
453,1.1994307,0.13189289,0.0
454,0.39564353,-0.10237275,0.0
455,0.06024841,-0.018958822,0.0
456,0.32343674,-0.09000015,0.0
457,0.1524495,-0.04716656,0.0
458,0.075963125,-0.023883829,0.0
459,0.89329475,-0.049249567,0.0
460,0.50505143,-0.11303287,0.0
461,0.09047521,-0.028400823,0.0
462,0.31952536,-0.089075156,0.0
463,1.1760055,0.11381211,0.0
464,0.7210607,-0.099064626,0.0
465,0.71994907,-0.09904368,0.0
466,0.57497656,-0.11388067,0.0
467,0.2517193,-0.07411606,0.0
468,0.65890217,-0.10812287,0.0
469,0.03331596,-0.010488711,0.0
470,0.94736665,-0.026234478,0.0
471,0.84674186,-0.06641562,0.0
472,1.0475461,0.026703004,0.0
473,0.20028484,-0.060586594,0.0
474,0.6704966,-0.10691565,0.0
475,0.17507859,-0.05375095,0.0
476,0.55820847,-0.114369705,0.0
477,0.4308789,-0.10715883,0.0
478,0.7501569,-0.09313449,0.0
479,0.027622776,-0.008742735,0.0
480,0.023359941,-0.007438708,0.0
481,0.3957775,-0.10268177,0.0
482,0.15512143,-0.047911447,0.0
483,0.3337177,-0.09191193,0.0
484,1.1068805,0.06428511,0.0
485,0.76490605,-0.08969409,0.0
486,0.16960074,-0.05200575,0.0
487,0.46591222,-0.110461205,0.0
488,0.11382886,-0.035823867,0.0
489,0.10438365,-0.032787118,0.0
490,0.48166987,-0.11184745,0.0
491,1.2699089,0.19130492,0.0
492,0.1585016,-0.049031544,0.0
493,0.015408858,-0.00499655,0.0
494,0.89491355,-0.04866968,0.0
495,1.2497286,0.17365685,0.0
496,1.1233333,0.07533337,0.0
497,0.0137088,-0.0044686813,0.0
498,0.471137,-0.11097842,0.0
499,0.36662236,-0.09784099,0.0
500,0.8158894,-0.07604272,0.0
501,0.3335397,-0.09208118,0.0
502,0.9089115,-0.043073587,0.0
503,0.3867905,-0.101345636,0.0
504,0.011810412,-0.0037100185,0.0
505,1.0937836,0.055492185,0.0
506,0.8086597,-0.07807687,0.0
507,0.53477013,-0.11396053,0.0
508,0.6045069,-0.11285992,0.0
509,0.7840064,-0.084906004,0.0
510,0.64529115,-0.10983944,0.0
511,1.1187662,0.07230106,0.0
512,0.6604996,-0.108206846,0.0
513,0.2457766,-0.07248337,0.0
514,1.1241523,0.076040514,0.0
515,0.8083432,-0.07838949,0.0
516,1.0924684,0.054688323,0.0
517,0.8813884,-0.054004066,0.0
518,1.222758,0.15092252,0.0
519,0.6085863,-0.112663105,0.0
520,0.28466463,-0.081925474,0.0
521,0.3957849,-0.102500044,0.0
522,0.2510349,-0.073739044,0.0
523,0.7988235,-0.08107442,0.0
524,0.7637225,-0.090006925,0.0
525,0.3227767,-0.089948684,0.0
526,0.73779476,-0.095711604,0.0
527,0.36650416,-0.09794778,0.0
528,1.1420728,0.08870596,0.0
529,0.5635237,-0.11426379,0.0
530,0.7583414,-0.091350205,0.0
531,0.7613465,-0.090624794,0.0
532,0.14708686,-0.045816798,0.0
533,0.66035736,-0.10805131,0.0
534,0.88676775,-0.05177763,0.0
535,0.13516946,-0.042239346,0.0
536,0.5662803,-0.11428117,0.0
537,0.17210421,-0.05270024,0.0
538,0.9514871,-0.024125457,0.0
539,0.40266687,-0.10340555,0.0
540,0.47901827,-0.11170144,0.0
541,0.6956649,-0.103350885,0.0
542,0.8416236,-0.06795136,0.0
543,0.23347852,-0.06957177,0.0
544,1.1617919,0.1030815,0.0
545,0.51025295,-0.11338658,0.0
546,0.6608194,-0.10813427,0.0
547,1.1759518,0.113732785,0.0
548,0.011121651,-0.0035490552,0.0
549,0.1997185,-0.060484696,0.0
550,1.2025695,0.13441405,0.0
551,0.90293616,-0.045469586,0.0
552,1.0654086,0.037442565,0.0
553,0.89783525,-0.047420643,0.0
554,0.30141902,-0.08561746,0.0
555,0.57655495,-0.11404051,0.0
556,0.9765739,-0.012109112,0.0
557,0.9922102,-0.003974715,0.0
558,0.5034473,-0.11321385,0.0
559,0.039609663,-0.012786903,0.0
560,0.40899548,-0.104461074,0.0
561,0.44333354,-0.10838832,0.0
562,0.14700636,-0.04547194,0.0
563,0.08018533,-0.025516437,0.0
564,0.38895726,-0.10143972,0.0
565,0.09119207,-0.028668871,0.0
566,0.48245832,-0.11169758,0.0
567,1.079201,0.046080787,0.0
568,0.6142727,-0.112149976,0.0
569,0.2713739,-0.07865283,0.0
570,0.90485394,-0.04461508,0.0
571,0.40331838,-0.10367851,0.0
572,0.12943359,-0.040561944,0.0
573,0.3941311,-0.1022095,0.0
574,0.632332,-0.110880986,0.0
575,1.274481,0.19536097,0.0
576,1.257344,0.180299,0.0
577,1.0999497,0.059650302,0.0
578,0.8112105,-0.07746172,0.0
579,0.16750821,-0.05151659,0.0
580,0.01278947,-0.003964243,0.0
581,1.2571456,0.18007013,0.0
582,0.8110322,-0.07739173,0.0
583,0.28163666,-0.08123471,0.0
584,0.59593064,-0.11335915,0.0
585,0.44536513,-0.108595915,0.0
586,1.1110547,0.06689775,0.0
587,0.9893551,-0.0054841973,0.0
588,1.2320383,0.15859167,0.0
589,0.10319476,-0.032307778,0.0
590,0.5440083,-0.114244774,0.0
591,0.5079379,-0.113431245,0.0
592,0.40640163,-0.10395747,0.0
593,0.4161031,-0.10541373,0.0
594,0.808518,-0.07828676,0.0
595,0.6115225,-0.1122949,0.0
596,0.63462263,-0.11068863,0.0
597,0.663089,-0.10772225,0.0
598,0.8486412,-0.06578817,0.0
599,0.13142104,-0.04109391,0.0
600,0.970672,-0.014951507,0.0
601,0.10166491,-0.032170217,0.0
602,0.95901483,-0.020548614,0.0
603,0.061194252,-0.019411698,0.0
604,0.3474295,-0.09454233,0.0
605,0.054956358,-0.017274702,0.0
606,0.50280255,-0.11313083,0.0
607,0.7701911,-0.088459186,0.0
608,0.5672321,-0.11404262,0.0
609,1.2169402,0.14613278,0.0
610,0.13229652,-0.041224305,0.0
611,0.0032704081,-0.00094134634,0.0
612,0.73637074,-0.09593737,0.0
613,0.42930773,-0.106853895,0.0
614,0.47083676,-0.11082391,0.0
615,1.2149669,0.14437707,0.0
616,0.86576974,-0.059800316,0.0
617,0.7988841,-0.081058,0.0
618,0.167753,-0.051603127,0.0
619,1.1617653,0.10298946,0.0
620,0.6966913,-0.102988265,0.0
621,0.07608267,-0.02391997,0.0
622,0.43637788,-0.1078097,0.0
623,0.089455664,-0.02815985,0.0
624,1.0540817,0.03063103,0.0
625,0.3981829,-0.1030436,0.0
626,0.9631507,-0.018751618,0.0
627,0.7721927,-0.08791177,0.0
628,0.2707517,-0.078659676,0.0
629,1.1501093,0.09440053,0.0
630,0.50556695,-0.113047644,0.0
631,0.26732334,-0.07792126,0.0
632,0.1683536,-0.051631525,0.0
633,0.37607726,-0.09940579,0.0
634,0.5060013,-0.113050364,0.0
635,0.66339934,-0.10765168,0.0
636,0.16557363,-0.051141705,0.0
637,0.24082513,-0.07114122,0.0
638,1.1128638,0.06827438,0.0
639,0.57228386,-0.11390919,0.0
640,0.75973,-0.090856016,0.0
641,0.42712292,-0.10654722,0.0
642,0.6581288,-0.108272105,0.0
643,0.18815602,-0.057503544,0.0
644,0.039248016,-0.012469275,0.0
645,0.0136343315,-0.004448734,0.0
646,0.76382226,-0.0899958,0.0
647,0.6025109,-0.11281317,0.0
648,0.31850395,-0.08901623,0.0
649,0.3611816,-0.09703961,0.0
650,0.28501338,-0.08179636,0.0
651,0.9448773,-0.027252937,0.0
652,0.36084044,-0.09708405,0.0
653,0.4929923,-0.112353556,0.0
654,0.0711172,-0.022455145,0.0
655,0.5332967,-0.1139242,0.0
656,1.1774296,0.11489279,0.0
657,0.6861749,-0.10465268,0.0
658,0.065486394,-0.020697374,0.0
659,1.0967753,0.057439458,0.0
660,0.21161981,-0.0635631,0.0
661,0.8032768,-0.07967954,0.0
662,0.6591747,-0.10814424,0.0
663,0.8076996,-0.07835936,0.0
664,0.07759494,-0.024461774,0.0
665,0.8687834,-0.058540545,0.0
666,0.5738949,-0.11405704,0.0
667,1.1079627,0.06485609,0.0
668,0.9176448,-0.039198276,0.0
669,0.32014012,-0.089224204,0.0
670,0.27961108,-0.08075376,0.0
671,0.85449725,-0.06360928,0.0
672,0.5790301,-0.11400395,0.0
673,0.26823142,-0.07795563,0.0
674,0.8301656,-0.07170567,0.0
675,0.21962598,-0.06597996,0.0
676,0.106842265,-0.033548765,0.0
677,0.26123142,-0.07635826,0.0
678,0.11624391,-0.03633361,0.0
679,0.24749336,-0.0730265,0.0
680,0.06064316,-0.019080162,0.0
681,0.82347214,-0.07364586,0.0
682,0.6011957,-0.112959154,0.0
683,0.17641735,-0.05410998,0.0
684,1.2634381,0.18552405,0.0
685,0.03103972,-0.0099625485,0.0
686,1.0116487,0.0062876535,0.0
687,0.55377865,-0.11423148,0.0
688,0.86234397,-0.060911078,0.0
689,0.46848682,-0.11080344,0.0
690,0.19773605,-0.059905935,0.0
691,0.12073668,-0.037908062,0.0
692,1.0329894,0.01813553,0.0
693,0.7335131,-0.0966229,0.0
694,0.65737206,-0.108540416,0.0
695,0.48260742,-0.11195433,0.0
696,1.1113416,0.067117006,0.0
697,1.1535579,0.09689305,0.0
698,0.31860235,-0.08887239,0.0
699,0.40934598,-0.104426354,0.0
700,0.58992,-0.11351406,0.0
701,1.1756078,0.1133729,0.0
702,0.24714509,-0.072809614,0.0
703,0.09158913,-0.028764507,0.0
704,1.1798663,0.11656406,0.0
705,0.22407643,-0.067084834,0.0
706,0.31936455,-0.08904588,0.0
707,0.4885991,-0.11238454,0.0
708,0.08778208,-0.027567388,0.0
709,0.6356604,-0.11059145,0.0
710,0.9860108,-0.007309433,0.0
711,0.83628744,-0.069870174,0.0
712,1.2170824,0.14616309,0.0
713,0.35074788,-0.095179856,0.0
714,0.93329424,-0.03264848,0.0
715,1.0318301,0.017504118,0.0
716,0.71522015,-0.10011309,0.0
717,0.8013021,-0.0801664,0.0
718,0.35585615,-0.09621803,0.0
719,0.8391725,-0.06885385,0.0
720,0.88812035,-0.051282283,0.0
721,0.51873046,-0.11358651,0.0
722,1.2633499,0.18560484,0.0
723,0.79952383,-0.080763616,0.0
724,0.08619322,-0.027371628,0.0
725,0.110183336,-0.034687538,0.0
726,0.86236405,-0.06085358,0.0
727,0.31621796,-0.08842919,0.0
728,0.7873481,-0.08399445,0.0
729,1.0897341,0.052910335,0.0
730,1.2097403,0.14014012,0.0
731,0.30629268,-0.08637575,0.0
732,0.7709503,-0.088218436,0.0
733,0.18509202,-0.056614734,0.0
734,0.15425664,-0.047712397,0.0
735,0.92981315,-0.034006253,0.0
736,0.14176671,-0.044105973,0.0
737,0.9860418,-0.0074013397,0.0
738,0.83304775,-0.0708331,0.0
739,0.1935344,-0.059008032,0.0
740,0.36805847,-0.09822266,0.0
741,1.0090079,0.004783791,0.0
742,0.9618792,-0.019346207,0.0
743,1.112851,0.06809371,0.0
744,1.2547743,0.1780831,0.0
745,1.227375,0.15479234,0.0
746,0.37326294,-0.099144116,0.0
747,0.27989945,-0.08063904,0.0
748,0.3494308,-0.09503991,0.0
749,0.93413466,-0.032220118,0.0
750,1.0129203,0.006937011,0.0
751,0.72588223,-0.097957954,0.0
752,1.2265828,0.15412141,0.0
753,0.94345015,-0.02785833,0.0
754,0.662594,-0.10790318,0.0
755,1.2422113,0.16712824,0.0
756,1.1695247,0.108753994,0.0
757,1.0203829,0.010967751,0.0
758,0.48665196,-0.112128325,0.0
759,0.080743685,-0.025537364,0.0
760,1.0723324,0.041832734,0.0
761,0.26786518,-0.077914655,0.0
762,0.52088374,-0.11369954,0.0
763,1.0252624,0.013789872,0.0
764,1.232835,0.15935002,0.0
765,0.52880436,-0.11407608,0.0
766,0.25410962,-0.07451925,0.0
767,0.66388375,-0.107605755,0.0
768,0.8748144,-0.056264922,0.0
769,0.5517407,-0.11421897,0.0
770,0.45049423,-0.10930809,0.0
771,0.60524195,-0.11276625,0.0
772,0.7456906,-0.09408751,0.0
773,0.29830492,-0.08495777,0.0
774,0.8067915,-0.078610934,0.0
775,0.039067496,-0.012422814,0.0
776,0.9894027,-0.0054283547,0.0
777,1.108695,0.0654097,0.0
778,0.6072261,-0.11270019,0.0
779,0.4167466,-0.10543424,0.0
780,0.15062055,-0.046605207,0.0
781,0.33779788,-0.09277477,0.0
782,0.74439055,-0.09441476,0.0
783,0.694672,-0.10352736,0.0
784,0.8882078,-0.051338512,0.0
785,0.87508214,-0.05638839,0.0
786,0.65998465,-0.108181976,0.0
787,0.1950308,-0.059271794,0.0
788,0.34606782,-0.09440612,0.0
789,0.16632077,-0.05118519,0.0
790,0.62921005,-0.11119961,0.0
791,1.1652609,0.10556929,0.0
792,1.2769747,0.1976537,0.0
793,0.6368532,-0.11052558,0.0
794,0.040256344,-0.012696477,0.0
795,0.9284628,-0.03478266,0.0
796,0.12025022,-0.037649658,0.0
797,0.5923452,-0.11329991,0.0
798,0.42999735,-0.106855005,0.0
799,0.31398648,-0.08806453,0.0
800,0.5496467,-0.11426376,0.0
801,0.98198575,-0.00945607,0.0
802,1.1859629,0.12133558,0.0
803,1.0387175,0.02143725,0.0
804,1.0967942,0.0575037,0.0
805,1.0450319,0.025230732,0.0
806,0.86740714,-0.05907527,0.0
807,0.72102654,-0.09899925,0.0
808,0.0014134478,-0.0006004397,0.0
809,1.1424391,0.08883601,0.0
810,0.95520395,-0.022400923,0.0
811,1.0311029,0.017091075,0.0
812,1.2052412,0.13658035,0.0
813,0.00077129673,-0.00016381752,0.0
814,0.24237807,-0.07180652,0.0
815,1.2454329,0.16988215,0.0
816,0.3645391,-0.09772127,0.0
817,0.49067104,-0.11227545,0.0
818,0.39496428,-0.10238379,0.0
819,0.46334627,-0.11023557,0.0
820,0.08950395,-0.028110476,0.0
821,0.8388952,-0.0688465,0.0
822,0.17365213,-0.053168736,0.0
823,0.10781977,-0.03385686,0.0
824,0.45243084,-0.10920548,0.0
825,0.5998299,-0.11321569,0.0
826,0.12327546,-0.038430996,0.0
827,0.616129,-0.11223436,0.0
828,0.8089317,-0.07800355,0.0
829,0.87941533,-0.054590955,0.0
830,0.2809114,-0.08083923,0.0
831,1.1768074,0.114268444,0.0
832,0.5323238,-0.11400435,0.0
833,1.2680973,0.1896406,0.0
834,0.95108795,-0.024334032,0.0
835,0.39268258,-0.102230854,0.0
836,0.41692868,-0.105276704,0.0
837,0.82739425,-0.07261232,0.0
838,0.8564153,-0.062881984,0.0
839,0.4517163,-0.10930915,0.0
840,0.6816991,-0.10530971,0.0
841,0.42068163,-0.10598023,0.0
842,0.37765276,-0.09975045,0.0
843,0.17930105,-0.05490866,0.0
844,1.2046121,0.13618793,0.0
845,0.065894164,-0.020993704,0.0
846,0.9900742,-0.0051752324,0.0
847,1.1510959,0.09502765,0.0
848,0.026063446,-0.0083309375,0.0
849,0.91569126,-0.04010012,0.0
850,0.062767364,-0.019847995,0.0
851,0.6545099,-0.10883262,0.0
852,1.0627866,0.035964053,0.0
853,0.41411766,-0.10503713,0.0
854,0.108741805,-0.03399399,0.0
855,0.11038011,-0.03476215,0.0
856,0.16458577,-0.05065975,0.0
857,0.38233307,-0.100516036,0.0
858,0.11328726,-0.035418052,0.0
859,0.9727983,-0.013935397,0.0
860,0.02793953,-0.0089867525,0.0
861,0.54106164,-0.1141119,0.0
862,0.981501,-0.009563274,0.0
863,1.2041265,0.13563548,0.0
864,1.1124119,0.06791536,0.0
865,0.6909011,-0.103958294,0.0
866,0.5284481,-0.11411244,0.0
867,1.2383419,0.16389188,0.0
868,0.59270173,-0.11335709,0.0
869,0.12019525,-0.037479352,0.0
870,0.62887895,-0.1111704,0.0
871,0.63159394,-0.11105266,0.0
872,0.084481,-0.026772099,0.0
873,0.120143965,-0.037511263,0.0
874,1.1383613,0.08599244,0.0
875,0.028394543,-0.009203489,0.0
876,0.8783684,-0.054983865,0.0
877,0.18928427,-0.057490245,0.0
878,1.2404251,0.16567399,0.0
879,0.20677297,-0.06252165,0.0
880,0.2834535,-0.081653304,0.0
881,0.15816265,-0.048708197,0.0
882,0.56234753,-0.11426474,0.0
883,0.90023935,-0.046515174,0.0
884,0.027639082,-0.008637907,0.0
885,0.26851422,-0.07802821,0.0
886,0.9178418,-0.039233766,0.0
887,0.5037505,-0.11307737,0.0
888,0.9224184,-0.03717399,0.0
889,1.0401752,0.022285115,0.0
890,0.503437,-0.11317201,0.0
891,0.8888828,-0.050989654,0.0
892,0.9548349,-0.022592518,0.0
893,0.90914214,-0.043020107,0.0
894,0.05082356,-0.016132142,0.0
895,0.34320384,-0.09366547,0.0
896,0.8825378,-0.053542446,0.0
897,0.46788827,-0.11086842,0.0
898,0.37002173,-0.098490834,0.0
899,0.5543194,-0.11436651,0.0
900,1.1048279,0.062721334,0.0
901,0.093406394,-0.029350843,0.0
902,1.0106548,0.0056843096,0.0
903,0.36345956,-0.09741334,0.0
904,0.666047,-0.10751873,0.0
905,0.053016398,-0.016881164,0.0
906,0.4837163,-0.11202836,0.0
907,0.3807324,-0.10039832,0.0
908,0.6834551,-0.10524556,0.0
909,0.9409911,-0.02912405,0.0
910,0.61252177,-0.11231751,0.0
911,0.026462024,-0.008502498,0.0
912,0.03338966,-0.010568053,0.0
913,0.4639508,-0.110552855,0.0
914,0.38947684,-0.1016412,0.0
915,0.6777637,-0.105948985,0.0
916,0.8137434,-0.076749265,0.0
917,0.8634276,-0.0604491,0.0
918,0.8852471,-0.052336708,0.0
919,0.36497086,-0.097598314,0.0
920,0.09238682,-0.028974535,0.0
921,0.4960577,-0.11276756,0.0
922,0.2526256,-0.07413248,0.0
923,0.5692178,-0.11412321,0.0
924,0.0066816024,-0.002272061,0.0
925,0.047917746,-0.015069052,0.0
926,0.12614448,-0.039369915,0.0
927,0.6817409,-0.10535032,0.0
928,1.1690679,0.108421244,0.0
929,0.4671798,-0.110813566,0.0
930,0.14239927,-0.04429939,0.0
931,0.3786871,-0.09993537,0.0
932,0.5684885,-0.11417578,0.0
933,1.2040174,0.13568547,0.0
934,0.032816947,-0.010347095,0.0
935,0.53604126,-0.11427085,0.0
936,0.5579733,-0.114195265,0.0
937,0.620879,-0.11172081,0.0
938,0.7574594,-0.09144074,0.0
939,0.3616876,-0.09695964,0.0
940,0.34203497,-0.09356101,0.0
941,0.16768596,-0.0514614,0.0
942,0.30695748,-0.08673141,0.0
943,0.02575982,-0.008118017,0.0
944,0.09825419,-0.031082418,0.0
945,0.70485926,-0.10166676,0.0
946,0.59507275,-0.113236666,0.0
947,0.054973993,-0.017387101,0.0
948,0.024211759,-0.0077082273,0.0
949,0.65872204,-0.10817981,0.0
950,0.11930442,-0.037343428,0.0
951,0.4086027,-0.10441948,0.0
952,0.7504131,-0.09300861,0.0
953,0.91791826,-0.039257582,0.0
954,0.31427306,-0.08802469,0.0
955,1.1640353,0.10464921,0.0
956,0.8892321,-0.05091682,0.0
957,0.9116188,-0.04189929,0.0
958,0.0009827247,-0.0001642893,0.0
959,0.36654598,-0.09806146,0.0
960,0.38278526,-0.10049571,0.0
961,0.54313135,-0.11414547,0.0
962,0.1487404,-0.04619456,0.0
963,0.8869399,-0.051729795,0.0
964,0.50726736,-0.11318616,0.0
965,1.1781907,0.11541581,0.0
966,0.97982097,-0.010428351,0.0
967,0.69630146,-0.10308711,0.0
968,0.5895452,-0.11341161,0.0
969,0.45902103,-0.109931454,0.0
970,0.3710085,-0.098630205,0.0
971,0.31365833,-0.08813753,0.0
972,0.02359845,-0.007588289,0.0
973,0.2997268,-0.08526552,0.0
974,0.62109417,-0.11179101,0.0
975,0.8943353,-0.048901945,0.0
976,0.665741,-0.10737143,0.0
977,0.84596735,-0.066601,0.0
978,0.25429046,-0.0747321,0.0
979,0.016102625,-0.005255702,0.0
980,0.8919602,-0.049787506,0.0
981,0.8708876,-0.057809453,0.0
982,0.043879155,-0.014065036,0.0
983,0.52102536,-0.113855496,0.0
984,1.1814235,0.117871344,0.0
985,0.34061894,-0.09328604,0.0
986,0.9126452,-0.041361123,0.0
987,0.49357456,-0.112422936,0.0
988,1.2229015,0.15094137,0.0
989,1.143859,0.08988794,0.0
990,0.39076376,-0.10178878,0.0
991,0.5648589,-0.114126675,0.0
992,0.72700304,-0.09775291,0.0
993,0.09642599,-0.030339092,0.0
994,0.481162,-0.11174606,0.0
995,0.15512858,-0.047978435,0.0
996,0.99884295,-0.0007319218,0.0
997,0.026092278,-0.008355857,0.0
998,0.6002895,-0.11297293,0.0
999,0.23153572,-0.06909235,0.0
1000,0.8193881,0.09704329,1.0
1001,0.9337662,-0.04517828,1.0
1002,0.7085468,-0.18756932,1.0
1003,0.7357238,0.16984221,1.0
1004,0.06066166,-0.069216676,1.0
1005,1.1403521,-0.060610835,1.0
1006,0.55777806,-0.13045444,1.0
1007,0.012747161,-0.081651285,1.0
1008,1.3043367,0.040676866,1.0
1009,1.013327,-0.12802233,1.0
1010,0.47228208,-0.012393157,1.0
1011,1.3167065,0.0022224966,1.0
1012,0.6459504,-0.1846799,1.0
1013,0.67115724,0.14555843,1.0
1014,0.24014035,-0.121357344,1.0
1015,1.1919378,0.17773573,1.0
1016,0.34456357,-0.154338,1.0
1017,0.12033587,0.16535294,1.0
1018,0.90682155,-0.06190109,1.0
1019,0.247529,-0.030236285,1.0
1020,0.5607296,0.16153635,1.0
1021,0.4366774,-0.00047522216,1.0
1022,1.3062209,0.19520836,1.0
1023,0.66799164,-0.065064594,1.0
1024,0.84778416,-0.1451551,1.0
1025,1.1912411,-0.03268785,1.0
1026,0.72140175,0.12785384,1.0
1027,0.13531516,-0.04259248,1.0
1028,1.4800276,0.16672109,1.0
1029,1.3643609,0.17632571,1.0
1030,0.6861002,-0.029041372,1.0
1031,0.36839667,0.044749867,1.0
1032,0.9547083,0.18111908,1.0
1033,1.3778149,-0.154037,1.0
1034,0.58628905,-0.15364385,1.0
1035,0.19369534,-0.049244143,1.0
1036,0.045736652,-0.15736076,1.0
1037,0.30118078,0.023895726,1.0
1038,0.7610428,-0.066419944,1.0
1039,1.1716117,-0.08232657,1.0
1040,0.21684381,0.026114026,1.0
1041,0.52917427,-0.06795834,1.0
1042,0.13742064,0.0079812715,1.0
1043,0.98680246,0.12667039,1.0
1044,0.35320488,0.008163964,1.0
1045,0.3873216,0.13939239,1.0
1046,0.44203484,0.18422194,1.0
1047,0.10519705,0.10017525,1.0
1048,1.335073,0.094027795,1.0
1049,1.4294509,0.00034768644,1.0
1050,0.89541525,-0.0028596502,1.0
1051,0.86826044,0.19134577,1.0
1052,0.86076874,-0.02384303,1.0
1053,1.441056,-0.10355155,1.0
1054,1.2494974,-0.119234465,1.0
1055,0.9745109,0.14358705,1.0
1056,0.9036418,0.01731913,1.0
1057,0.5401295,0.12348638,1.0
1058,0.12735105,-0.19553624,1.0
1059,0.67273337,0.18565632,1.0
1060,0.19528005,0.039237924,1.0
1061,0.7290465,-0.034032624,1.0
1062,1.1208222,-0.08095594,1.0
1063,0.39195687,-0.010317515,1.0
1064,0.7533338,-0.037873987,1.0
1065,1.0160016,0.16492598,1.0
1066,0.51739675,-0.006067517,1.0
1067,0.9499444,-0.03438632,1.0
1068,0.1511123,0.13978885,1.0
1069,0.98399454,-0.15547599,1.0
1070,1.2166983,-0.111217394,1.0
1071,0.5780888,-0.048119612,1.0
1072,0.042381093,0.19227633,1.0
1073,1.1498424,-0.17253985,1.0
1074,1.0712779,-0.04464798,1.0
1075,0.7486161,0.043386243,1.0
1076,0.89841026,0.1995907,1.0
1077,0.65835226,0.11508489,1.0
1078,1.2327319,0.09275491,1.0
1079,1.4044194,0.050201878,1.0
1080,1.1847863,0.116803676,1.0
1081,1.374392,-0.14929937,1.0
1082,0.12610859,-0.08870108,1.0
1083,0.02616178,-0.07111472,1.0
1084,0.9271413,-0.06636075,1.0
1085,0.61743885,0.18953244,1.0
1086,1.1690404,-0.15758623,1.0
1087,0.8470133,-0.1856136,1.0
1088,0.6167512,-0.07869624,1.0
1089,0.2489448,0.18485436,1.0
1090,1.2656436,-0.1859215,1.0
1091,0.6962825,0.13177408,1.0
1092,0.8942847,0.19268973,1.0
1093,0.98352057,-0.15042554,1.0
1094,0.93789667,-0.12835185,1.0
1095,1.3751277,-0.05153991,1.0
1096,0.84937775,0.18803446,1.0
1097,1.3482896,-0.19542612,1.0
1098,0.12948276,-0.15651529,1.0
1099,0.3611107,0.18219395,1.0
1100,1.0415258,-0.07661308,1.0
1101,1.3833882,0.025075061,1.0
1102,0.20318386,0.10269669,1.0
1103,1.0824519,0.17431828,1.0
1104,0.85074586,0.1064462,1.0
1105,0.8855711,-0.055528812,1.0
1106,1.4509603,0.15822212,1.0
1107,1.2101434,-0.12633705,1.0
1108,0.61463726,-0.080060385,1.0
1109,0.8750846,0.11571592,1.0
1110,0.03917704,0.08576327,1.0
1111,0.3567561,-0.049623534,1.0
1112,0.03946386,0.17828383,1.0
1113,0.9802042,-0.18630432,1.0
1114,0.24243289,0.15621158,1.0
1115,0.46950224,-0.13774657,1.0
1116,0.8910132,-0.14115424,1.0
1117,1.1763741,0.16296765,1.0
1118,1.1160057,-0.11962844,1.0
1119,0.5932454,0.086357035,1.0
1120,1.3620341,-0.011497743,1.0
1121,1.4528558,-0.00112194,1.0
1122,1.3540154,-0.008278124,1.0
1123,0.28211537,-0.11886188,1.0
1124,1.0651687,0.082801454,1.0
1125,0.9517016,-0.062698655,1.0
1126,0.13758045,-0.06988959,1.0
1127,1.3562376,-0.03183645,1.0
1128,1.4201007,0.12801947,1.0
1129,0.15461482,0.098890886,1.0
1130,0.64072055,0.11070923,1.0
1131,0.56016076,-0.010133013,1.0
1132,1.0058812,-0.07800115,1.0
1133,1.213903,-0.05002785,1.0
1134,0.301241,-0.12189546,1.0
1135,0.6055409,0.15045922,1.0
1136,1.3200083,0.17400908,1.0
1137,0.54583853,-0.062172495,1.0
1138,0.1570843,0.076639816,1.0
1139,0.56035584,-0.16670994,1.0
1140,0.74617636,0.090930186,1.0
1141,0.46546748,-0.13626707,1.0
1142,1.3494761,-0.06237397,1.0
1143,0.6065385,0.020557668,1.0
1144,0.43054715,-0.038964365,1.0
1145,0.115108915,0.19183685,1.0
1146,0.6074232,-0.10738054,1.0
1147,1.277923,0.160706,1.0
1148,0.34509772,0.07872635,1.0
1149,1.4970249,0.0815735,1.0
1150,1.1939179,0.062333614,1.0
1151,0.99245435,-0.14397126,1.0
1152,1.4981459,0.14235206,1.0
1153,1.4152478,-0.02568853,1.0
1154,0.9507443,-0.040658817,1.0
1155,0.325417,0.018936692,1.0
1156,1.0345348,0.07763822,1.0
1157,0.5455237,0.18090382,1.0
1158,0.27402526,0.06877006,1.0
1159,0.7783627,0.012469777,1.0
1160,0.5660866,0.0849152,1.0
1161,1.1837735,0.0982423,1.0
1162,1.3585542,0.059830796,1.0
1163,0.8071673,-0.14318289,1.0
1164,1.4853553,-0.004894706,1.0
1165,0.14986803,-0.1458743,1.0
1166,1.261498,-0.08097714,1.0
1167,0.28405568,-0.10505552,1.0
1168,1.441245,0.014053067,1.0
1169,0.9189804,0.05906988,1.0
1170,1.4870536,0.035482388,1.0
1171,1.1650683,0.03915059,1.0
1172,1.0661263,0.15001766,1.0
1173,0.5307629,-0.0096991,1.0
1174,0.30685407,0.023274219,1.0
1175,0.11958451,-0.12811461,1.0
1176,0.9301621,0.05844229,1.0
1177,0.46832097,-0.012006531,1.0
1178,0.61311954,0.19332063,1.0
1179,0.59472084,-0.10791331,1.0
1180,1.4688185,-0.19690286,1.0
1181,0.05100182,0.007435581,1.0
1182,1.4102765,-0.120181516,1.0
1183,1.328328,0.015018468,1.0
1184,1.1993108,-0.1347269,1.0
1185,1.0611665,0.0056199823,1.0
1186,0.88327307,0.031153226,1.0
1187,1.4555862,0.15254395,1.0
1188,0.95815367,0.05060086,1.0
1189,1.1595968,-0.14540286,1.0
1190,0.2806132,0.04254751,1.0
1191,0.681275,-0.07184907,1.0
1192,0.9799367,0.08955641,1.0
1193,0.9734526,0.19869985,1.0
1194,0.044474546,-0.059739288,1.0
1195,0.30303106,-0.06799252,1.0
1196,1.4076207,-0.19129132,1.0
1197,0.28120992,-0.061923493,1.0
1198,0.82220054,-0.13349544,1.0
1199,0.6687143,0.13160814,1.0
1200,0.6645249,-0.06791788,1.0
1201,0.8210969,-0.19402158,1.0
1202,0.24780376,-0.12750278,1.0
1203,0.871788,0.10813284,1.0
1204,0.6439254,-0.10845696,1.0
1205,0.55060625,-0.047601182,1.0
1206,0.8041108,0.03798917,1.0
1207,0.0070308414,0.08997691,1.0
1208,1.4720521,0.16171147,1.0
1209,1.0509529,0.15895593,1.0
1210,0.44030935,-0.11010383,1.0
1211,0.6411767,0.14641307,1.0
1212,0.83508253,-0.19487724,1.0
1213,0.19989513,0.17967603,1.0
1214,1.1805124,0.14479655,1.0
1215,0.5810161,0.09361337,1.0
1216,1.056347,0.14783438,1.0
1217,0.63061076,-0.13384137,1.0
1218,1.1770246,0.13916679,1.0
1219,0.81491834,0.18454252,1.0
1220,0.05952313,-0.14123353,1.0
1221,0.9798642,0.055201743,1.0
1222,1.3681656,0.09890632,1.0
1223,0.71634084,0.0033953984,1.0
1224,0.7424294,0.1720517,1.0
1225,0.6743208,0.14873435,1.0
1226,0.09174974,-0.110416576,1.0
1227,0.88101834,-0.04994998,1.0
1228,0.45674774,0.050288327,1.0
1229,0.39414215,0.09266953,1.0
1230,0.3372794,-0.13786872,1.0
1231,0.30703714,-0.02608296,1.0
1232,0.73925376,0.15517196,1.0
1233,0.4281901,0.08093094,1.0
1234,0.33235472,-0.0518682,1.0
1235,1.0702865,-0.06341231,1.0
1236,0.15878856,0.087495275,1.0
1237,0.038836915,0.09647688,1.0
1238,0.5958902,0.14297293,1.0
1239,0.72431725,0.05230628,1.0
1240,0.40441602,0.07825011,1.0
1241,0.9772609,0.16090892,1.0
1242,1.3482938,0.003646511,1.0
1243,0.5518775,-0.15567213,1.0
1244,1.1148022,0.13950644,1.0
1245,0.8061736,0.021456726,1.0
1246,0.33867165,-0.09388212,1.0
1247,0.2873709,0.1503855,1.0
1248,0.5728883,0.1751922,1.0
1249,0.508551,-0.10333025,1.0
1250,1.3331983,0.0131666735,1.0
1251,0.2584026,-0.13207765,1.0
1252,0.2637196,-0.061225988,1.0
1253,0.7875009,-0.029807324,1.0
1254,1.2741297,-0.19248481,1.0
1255,0.09468565,0.11175771,1.0
1256,0.7970887,-0.18286811,1.0
1257,0.6006086,-0.19536053,1.0
1258,0.6324692,0.13355874,1.0
1259,1.1186342,-0.14645003,1.0
1260,1.1529255,-0.106239215,1.0
1261,0.030053975,-0.09819609,1.0
1262,0.6870235,0.1787641,1.0
1263,0.29943374,0.10360887,1.0
1264,0.34391862,-0.07139626,1.0
1265,0.21495388,-0.15774502,1.0
1266,0.57017976,-0.081033655,1.0
1267,0.19070648,0.11489806,1.0
1268,0.5792758,-0.1555719,1.0
1269,0.15476769,-0.10267956,1.0
1270,0.61373687,-0.15598553,1.0
1271,1.0624875,-0.04261509,1.0
1272,1.1258053,-0.16565648,1.0
1273,0.43513703,-0.019821607,1.0
1274,0.9027516,0.078436695,1.0
1275,1.1093014,0.040109616,1.0
1276,1.2750614,-0.04405829,1.0
1277,0.064729065,0.047338516,1.0
1278,0.9665869,0.023977086,1.0
1279,1.0325071,0.09070295,1.0
1280,1.0549028,-0.18661664,1.0
1281,1.1818305,0.1844704,1.0
1282,0.534565,0.04025187,1.0
1283,0.5677063,0.060419265,1.0
1284,1.3239293,-0.095071875,1.0
1285,0.9737536,0.16940133,1.0
1286,1.4768949,-0.1284699,1.0
1287,1.379226,-0.1957292,1.0
1288,0.28407517,-0.15689653,1.0
1289,0.7393269,-0.07676449,1.0
1290,1.4010882,0.05774106,1.0
1291,0.5094595,-0.090063214,1.0
1292,0.6445238,-0.12880775,1.0
1293,1.0990685,-0.04751823,1.0
1294,0.6976389,0.109609544,1.0
1295,0.18751639,0.0055010593,1.0
1296,1.2746714,-0.18518503,1.0
1297,1.3663082,0.027297279,1.0
1298,0.9009375,-0.017389322,1.0
1299,0.30904377,0.06767546,1.0
1300,0.5466923,0.18432605,1.0
1301,0.6172877,0.13738613,1.0
1302,0.8955372,0.08979265,1.0
1303,0.5690729,-0.090627044,1.0
1304,1.2904974,0.16929016,1.0
1305,0.9209715,0.13279884,1.0
1306,0.2189068,-0.19502625,1.0
1307,1.4387875,0.1564089,1.0
1308,1.3136934,-0.10555864,1.0
1309,1.066202,0.024091475,1.0
1310,1.0448596,0.0155390855,1.0
1311,0.8692955,0.013403778,1.0
1312,1.289197,-0.12997785,1.0
1313,1.382809,0.045153894,1.0
1314,0.14720498,0.035194486,1.0
1315,1.4968828,-0.048309404,1.0
1316,0.99699515,-0.17256898,1.0
1317,1.381505,-0.12983306,1.0
1318,0.8508238,-0.18560207,1.0
1319,1.3077888,0.0556808,1.0
1320,1.3267404,0.00745239,1.0
1321,0.14954178,-0.050677378,1.0
1322,1.1361284,0.19483778,1.0
1323,1.0173515,0.09471149,1.0
1324,0.5619182,0.021020565,1.0
1325,0.08855159,-0.12478311,1.0
1326,0.73248255,-0.08162099,1.0
1327,0.94662935,0.114664525,1.0
1328,1.4856704,-0.018546863,1.0
1329,0.8833774,0.18782745,1.0
1330,1.1572988,-0.017807564,1.0
1331,0.27864593,0.1800067,1.0
1332,0.82641304,-0.03732142,1.0
1333,0.9485547,-0.18967167,1.0
1334,0.9337131,0.1409658,1.0
1335,1.4914894,-0.18952388,1.0
1336,0.8770048,-0.047858268,1.0
1337,0.82774234,0.056956314,1.0
1338,0.36097932,-0.06998996,1.0
1339,1.3596634,0.15610632,1.0
1340,1.2166467,0.016194038,1.0
1341,0.7107557,-0.016833073,1.0
1342,0.7429134,-0.15406166,1.0
1343,1.1076572,0.0921188,1.0
1344,0.26084435,0.06899046,1.0
1345,1.3137494,-0.07432,1.0
1346,1.4241238,0.17074549,1.0
1347,1.2744664,-0.041567553,1.0
1348,1.4523196,-0.17868897,1.0
1349,0.85142833,0.021207836,1.0
1350,0.44486013,-0.06791339,1.0
1351,0.45841247,0.015411145,1.0
1352,1.094325,-0.14140296,1.0
1353,1.050737,0.19999024,1.0
1354,1.4598675,-0.1687758,1.0
1355,1.3970747,-0.08995611,1.0
1356,0.8456157,0.12948976,1.0
1357,1.1980146,-0.14634407,1.0
1358,0.14485079,-0.038475577,1.0
1359,1.0238817,-0.09058324,1.0
1360,1.0058961,0.063490115,1.0
1361,1.4534353,-0.04407767,1.0
1362,1.0231801,-0.19316186,1.0
1363,0.27428335,0.18583982,1.0
1364,1.4706348,0.038765676,1.0
1365,0.880007,0.18828203,1.0
1366,0.21524858,0.16064872,1.0
1367,0.13670222,-0.12855656,1.0
1368,0.12239774,-0.09661379,1.0
1369,0.49103788,-0.19909532,1.0
1370,1.3384284,-0.18852085,1.0
1371,0.1334331,0.060119502,1.0
1372,0.20691028,0.11835901,1.0
1373,1.2595716,-0.06241504,1.0
1374,0.36872345,0.09272475,1.0
1375,1.4847348,0.036743917,1.0
1376,0.95843786,-0.09198259,1.0
1377,0.20778967,-0.001223541,1.0
1378,0.05647253,0.014546976,1.0
1379,0.4641163,0.141778,1.0
1380,0.18247007,0.008750631,1.0
1381,1.2825569,-0.00895458,1.0
1382,0.69814163,-0.19955179,1.0
1383,0.24876963,-0.15508607,1.0
1384,1.328757,-0.07709725,1.0
1385,0.2972118,0.16663212,1.0
1386,0.7368152,-0.13346083,1.0
1387,1.1766307,-0.057837065,1.0
1388,0.34913287,0.012095493,1.0
1389,1.0524024,-0.11598032,1.0
1390,1.2553537,0.1769711,1.0
1391,0.78621775,0.10498559,1.0
1392,1.2662861,-0.15379149,1.0
1393,0.73938644,-0.03715255,1.0
1394,1.0739255,0.1092507,1.0
1395,0.8383321,0.00024315329,1.0
1396,1.1207087,0.14964947,1.0
1397,1.1786956,0.014652226,1.0
1398,0.88778764,0.18047836,1.0
1399,0.23143595,0.036017276,1.0
1400,0.21898176,-0.14917395,1.0
1401,0.2083175,-0.18456537,1.0
1402,0.33655897,0.14154102,1.0
1403,0.2672899,-0.1919318,1.0
1404,1.4341702,0.13225086,1.0
1405,0.32284066,0.17784426,1.0
1406,1.389425,0.1184133,1.0
1407,1.2958041,0.14811006,1.0
1408,0.27996823,0.06493159,1.0
1409,0.9669012,0.009699941,1.0
1410,0.20101391,-0.08307166,1.0
1411,0.3660318,-0.14798379,1.0
1412,0.47661418,0.0153563395,1.0
1413,1.3961787,0.14194877,1.0
1414,0.86052936,-0.0081454,1.0
1415,0.65679777,0.047819447,1.0
1416,1.0170646,0.03475345,1.0
1417,0.53321934,-0.17770311,1.0
1418,0.7923138,0.071966425,1.0
1419,1.4408089,0.1384667,1.0
1420,0.08835537,-0.16972259,1.0
1421,0.10893286,0.0091601955,1.0
1422,1.1844894,0.030711351,1.0
1423,1.0926027,0.051686425,1.0
1424,1.137867,-0.033099096,1.0
1425,0.01940452,-0.0539587,1.0
1426,0.9325899,0.021245738,1.0
1427,0.5585073,0.17995588,1.0
1428,0.043795064,0.18595394,1.0
1429,0.83679605,0.027550774,1.0
1430,0.3591969,-0.12454591,1.0
1431,0.7539013,0.13884036,1.0
1432,1.1497731,0.1631601,1.0
1433,0.11121535,-0.07033567,1.0
1434,0.8424225,0.1863637,1.0
1435,1.1466932,0.13215333,1.0
1436,1.0516131,0.16133934,1.0
1437,0.98567003,0.021742929,1.0
1438,0.9190253,-0.021191258,1.0
1439,0.115371674,-0.0673768,1.0
1440,1.2101545,0.10703345,1.0
1441,1.0089382,-0.124587156,1.0
1442,0.9736015,-0.15996185,1.0
1443,0.06614589,-0.03236615,1.0
1444,0.08437641,0.08514885,1.0
1445,1.4753047,-0.13918328,1.0
1446,1.0721289,-0.13100387,1.0
1447,0.7662694,-0.11740729,1.0
1448,0.55986935,0.13218985,1.0
1449,1.026334,-0.1041104,1.0
1450,1.1865208,-0.024475101,1.0
1451,1.0798976,-0.11566586,1.0
1452,0.1385596,0.091473244,1.0
1453,0.15908112,0.0020029498,1.0
1454,0.10418473,-0.12432436,1.0
1455,0.5058577,-0.030076297,1.0
1456,0.7467049,0.12714268,1.0
1457,1.4935468,-0.023927055,1.0
1458,0.87682545,-0.003422995,1.0
1459,0.12131637,0.17632467,1.0
1460,0.36101946,0.022441857,1.0
1461,0.5147223,0.12842008,1.0
1462,0.55199194,0.04012918,1.0
1463,1.239746,-0.09140574,1.0
1464,0.52935046,-0.08829154,1.0
1465,0.6692164,-0.18150774,1.0
1466,1.399793,-0.097971216,1.0
1467,1.4675977,0.13557057,1.0
1468,0.5723827,0.14985186,1.0
1469,1.4861858,0.085414246,1.0
1470,0.42044255,0.12900276,1.0
1471,1.286345,0.1351271,1.0
1472,1.4344826,-0.14096811,1.0
1473,0.34380457,-0.08496109,1.0
1474,1.2239116,-0.09049008,1.0
1475,0.3821157,-0.1618509,1.0
1476,1.1349093,-0.19831279,1.0
1477,0.8720239,-0.17164297,1.0
1478,0.15019257,-0.117353775,1.0
1479,0.10209,0.19524862,1.0
1480,1.1008687,0.18317007,1.0
1481,0.4556354,-0.17034222,1.0
1482,0.73282325,0.013009655,1.0
1483,0.27407178,0.055078123,1.0
1484,0.020554421,0.11300337,1.0
1485,1.2178239,0.12899221,1.0
1486,0.71025693,-0.05013082,1.0
1487,1.4639941,-0.019217726,1.0
1488,0.9469024,0.09829581,1.0
1489,1.0308065,0.10586487,1.0
1490,0.72741455,-0.016990043,1.0
1491,0.7141126,0.15395084,1.0
1492,0.28308913,0.13962229,1.0
1493,0.7401206,0.17621146,1.0
1494,0.40438396,-0.098223604,1.0
1495,0.59444195,0.1869602,1.0
1496,0.6926515,0.061642885,1.0
1497,1.1617273,-0.14432982,1.0
1498,0.12002972,0.002369521,1.0
1499,0.7219507,-0.005459843,1.0
1500,0.6766954,-0.18744627,1.0
1501,1.1533706,-0.03456099,1.0
1502,1.1430387,-0.1679345,1.0
1503,1.4145286,-0.15024519,1.0
1504,0.57347244,-0.16484527,1.0
1505,0.6712366,0.045858014,1.0
1506,0.35132414,-0.113956265,1.0
1507,0.49537957,-0.019343028,1.0
1508,0.58671945,0.1482548,1.0
1509,0.17203784,-0.00077881676,1.0
1510,0.94864714,-0.05730007,1.0
1511,0.9251442,-0.011705017,1.0
1512,0.7809634,-0.006771501,1.0
1513,0.18652993,0.04934664,1.0
1514,0.8668789,0.06833455,1.0
1515,1.3953035,0.19382724,1.0
1516,0.19627735,-0.08342863,1.0
1517,0.09022923,0.14119639,1.0
1518,1.0476773,-0.19398294,1.0
1519,1.0387558,-0.03016838,1.0
1520,1.1670511,0.027181739,1.0
1521,0.48075882,0.04512975,1.0
1522,0.6827369,0.047077123,1.0
1523,1.2109205,0.16890171,1.0
1524,0.32258078,0.15601783,1.0
1525,0.9976078,0.081180915,1.0
1526,1.2684735,-0.180106,1.0
1527,1.1349287,0.0439035,1.0
1528,0.47605544,0.04253959,1.0
1529,0.93105453,0.10395089,1.0
1530,0.98053616,0.15487137,1.0
1531,1.044793,-0.12707897,1.0
1532,0.22143818,-0.1558128,1.0
1533,1.1263322,0.17747179,1.0
1534,0.5385499,-0.08521995,1.0
1535,1.349539,-0.19801599,1.0
1536,0.5074515,0.018449174,1.0
1537,0.14429915,0.0011445616,1.0
1538,0.9467692,-0.05178031,1.0
1539,0.14146979,-0.01189596,1.0
1540,1.2506201,0.05159409,1.0
1541,0.12371543,0.17105512,1.0
1542,1.456137,0.07535622,1.0
1543,1.346703,-0.15315507,1.0
1544,0.28605616,0.023928845,1.0
1545,0.8837329,-0.049175937,1.0
1546,1.0030476,-0.009813364,1.0
1547,0.46367583,0.18609856,1.0
1548,0.1604379,-0.0048104366,1.0
1549,1.1907613,0.056703847,1.0
1550,1.0512465,0.03690765,1.0
1551,0.5572604,0.16692851,1.0
1552,0.88863695,-0.16155154,1.0
1553,1.4200648,0.12499544,1.0
1554,1.1160177,0.05450922,1.0
1555,0.5562769,-0.18277806,1.0
1556,0.3269964,-0.17269959,1.0
1557,0.8138021,-0.06481618,1.0
1558,0.48399088,0.060974177,1.0
1559,0.8787066,-0.165551,1.0
1560,0.8586314,0.016137298,1.0
1561,0.0031356497,0.14855318,1.0
1562,1.0907736,-0.14954558,1.0
1563,0.67889863,0.030413244,1.0
1564,0.10375985,-0.15732719,1.0
1565,0.7301789,0.13886318,1.0
1566,0.83158934,-0.14082338,1.0
1567,0.72702056,-0.12891611,1.0
1568,0.48203364,-0.08149935,1.0
1569,1.4177382,-0.19772199,1.0
1570,0.28338426,0.011923038,1.0
1571,0.7412215,-0.12663276,1.0
1572,0.6950802,0.00856334,1.0
1573,0.5610597,0.020347565,1.0
1574,1.1083145,-0.16266583,1.0
1575,0.058827177,0.004456034,1.0
1576,0.12502082,0.098196745,1.0
1577,0.62595236,0.17843406,1.0
1578,0.74713975,0.03109891,1.0
1579,1.357295,-0.12525333,1.0
1580,0.39355952,-0.1100311,1.0
1581,0.6431795,-0.07694262,1.0
1582,1.2826362,0.08212329,1.0
1583,0.40567043,0.02064844,1.0
1584,0.0671546,0.087512225,1.0
1585,1.43578,-0.08436601,1.0
1586,1.0180937,-0.045038987,1.0
1587,0.5359002,0.17182821,1.0
1588,0.1815796,0.1813813,1.0
1589,0.8174465,-0.010957804,1.0
1590,0.69332236,0.11212261,1.0
1591,0.41129845,0.14232132,1.0
1592,0.16466089,0.12857796,1.0
1593,1.0317878,0.14127463,1.0
1594,0.15106454,-0.13781244,1.0
1595,1.0062906,-0.036315847,1.0
1596,1.1712708,-0.15927272,1.0
1597,1.1331087,-0.033696543,1.0
1598,1.4089848,0.09454694,1.0
1599,0.04046656,-0.03333268,1.0
1600,0.99785995,0.09086524,1.0
1601,0.24318632,-0.03498409,1.0
1602,0.16100018,0.037457757,1.0
1603,0.49896514,0.12438616,1.0
1604,0.0721276,-0.18126783,1.0
1605,0.2492137,0.07715688,1.0
1606,1.3391231,-0.18489854,1.0
1607,0.78985333,0.14387809,1.0
1608,0.5214697,-0.15573297,1.0
1609,0.46728268,-0.070000775,1.0
1610,0.85621727,-0.16588211,1.0
1611,0.16796815,0.09517428,1.0
1612,0.24993072,0.0020935996,1.0
1613,0.8417156,-0.19012953,1.0
1614,0.46359876,0.08089608,1.0
1615,1.148102,0.15055837,1.0
1616,0.9956642,0.11522419,1.0
1617,0.1698054,-0.14605567,1.0
1618,0.62262744,-0.18001565,1.0
1619,1.2804713,0.09929195,1.0
1620,0.5899591,0.05207999,1.0
1621,0.5800157,-0.16585511,1.0
1622,0.2992003,-0.014772647,1.0
1623,1.4649417,0.027030364,1.0
1624,0.838654,-0.07220077,1.0
1625,1.1868781,0.11213252,1.0
1626,0.12081185,0.11432043,1.0
1627,0.92319614,0.07782974,1.0
1628,1.3171113,0.1689048,1.0
1629,0.82739043,-0.1406959,1.0
1630,0.8017463,0.12727095,1.0
1631,0.55252093,-0.053472172,1.0
1632,0.92321295,0.02879852,1.0
1633,0.018617108,0.030361393,1.0
1634,0.48329702,-0.18102197,1.0
1635,0.39408585,-0.14764953,1.0
1636,0.16720122,0.124263525,1.0
1637,1.3590989,-0.084547654,1.0
1638,1.4855951,0.14914468,1.0
1639,0.8451635,0.093006104,1.0
1640,1.1235662,0.007988122,1.0
1641,0.6265047,-0.103514634,1.0
1642,0.8847403,-0.10262856,1.0
1643,1.4205971,-0.03219564,1.0
1644,0.74976397,-0.108356416,1.0
1645,1.3490485,0.0072802464,1.0
1646,1.4310925,0.19465293,1.0
1647,0.19113933,-0.1891266,1.0
1648,0.5981598,0.07269231,1.0
1649,1.1846353,-0.015782332,1.0
1650,1.3120849,0.03956817,1.0
1651,1.4159384,-0.1251232,1.0
1652,1.0297323,-0.03555456,1.0
1653,1.2240723,0.03520284,1.0
1654,0.69463307,-0.18635778,1.0
1655,0.7593002,0.09156241,1.0
1656,0.05707577,0.13368173,1.0
1657,0.817781,0.004307181,1.0
1658,0.83235735,-0.05934999,1.0
1659,0.17448218,0.0044931998,1.0
1660,0.75027984,0.103640564,1.0
1661,0.67430854,-0.10618357,1.0
1662,0.111713365,-0.08170773,1.0
1663,1.0664957,-0.080841534,1.0
1664,0.09081881,0.18974261,1.0
1665,0.37996626,0.035934478,1.0
1666,0.7205277,-0.118110806,1.0
1667,0.06942729,-0.14432013,1.0
1668,0.47769997,-0.10688147,1.0
1669,0.18585283,-0.149966,1.0
1670,0.9872823,-0.15748602,1.0
1671,0.72356766,0.020428983,1.0
1672,0.9520127,0.17198291,1.0
1673,0.5081547,0.024639778,1.0
1674,0.055390522,-0.07428281,1.0
1675,0.38492084,-0.18920685,1.0
1676,0.34849983,-0.122324795,1.0
1677,0.6518514,0.014367378,1.0
1678,0.537366,-0.157428,1.0
1679,0.7312708,-0.1292623,1.0
1680,1.0493368,-0.0812764,1.0
1681,0.44808125,0.1467015,1.0
1682,0.45522952,-0.13965061,1.0
1683,1.4823279,0.15294966,1.0
1684,1.0430745,-0.17671925,1.0
1685,0.20297429,0.031377155,1.0
1686,1.4031165,-0.08012633,1.0
1687,0.33421966,-0.056932107,1.0
1688,0.4399046,0.10145888,1.0
1689,0.17908451,0.11818402,1.0
1690,0.63046426,0.04565755,1.0
1691,0.6293201,-0.018168522,1.0
1692,1.0999573,-0.05123593,1.0
1693,0.9214429,0.012026134,1.0
1694,0.71332264,-0.14234254,1.0
1695,0.29493222,0.12492758,1.0
1696,0.36001754,-0.033637796,1.0
1697,0.9910699,-0.18276218,1.0
1698,0.255581,-0.046023767,1.0
1699,0.15088695,0.054739647,1.0
1700,0.36809236,0.0959423,1.0
1701,0.8771526,-0.0128625715,1.0
1702,1.4233965,-0.13671732,1.0
1703,1.3139819,-0.09480694,1.0
1704,0.8414455,-0.15063483,1.0
1705,0.33198154,0.008572012,1.0
1706,0.91314346,0.066433266,1.0
1707,0.5503404,0.15061104,1.0
1708,1.4631689,0.1458723,1.0
1709,0.9635085,0.19568656,1.0
1710,0.7797664,0.15934084,1.0
1711,0.50655925,-0.09707022,1.0
1712,1.3752598,-0.04088634,1.0
1713,0.7356587,0.025858635,1.0
1714,0.05378639,-0.07760516,1.0
1715,1.1282194,0.031026762,1.0
1716,0.7738829,0.15049978,1.0
1717,0.38204384,0.07376737,1.0
1718,1.3212905,-0.1339115,1.0
1719,0.038373224,-0.053628888,1.0
1720,0.24506296,0.025339045,1.0
1721,0.6952647,-0.062277086,1.0
1722,0.13726895,0.06503972,1.0
1723,1.0711075,0.0192599,1.0
1724,1.12563,-0.13617836,1.0
1725,0.59980386,-0.04179905,1.0
1726,0.7575894,0.12991929,1.0
1727,1.447138,-0.11205297,1.0
1728,1.2968749,0.14676932,1.0
1729,1.3569864,-0.18828933,1.0
1730,0.5193908,0.118619725,1.0
1731,0.036034606,0.03631698,1.0
1732,0.12342032,-0.07556609,1.0
1733,0.033489782,-0.069663085,1.0
1734,0.7668207,0.07025475,1.0
1735,0.5205011,-0.15328637,1.0
1736,0.6867189,0.034943413,1.0
1737,1.2712886,0.09261226,1.0
1738,1.259239,-0.12058627,1.0
1739,0.49506652,0.1784285,1.0
1740,0.36960572,0.015269897,1.0
1741,0.7612238,0.18041757,1.0
1742,0.10080491,0.03672266,1.0
1743,0.8876704,0.10146073,1.0
1744,0.33804083,0.10662828,1.0
1745,0.15467885,0.10913705,1.0
1746,0.69189477,-0.13655503,1.0
1747,0.56944895,-0.17334756,1.0
1748,0.5418884,-0.020018628,1.0
1749,0.16884317,0.19004609,1.0
1750,1.0329164,0.18102771,1.0
1751,0.003479715,-0.01608051,1.0
1752,1.0373056,-0.0470307,1.0
1753,0.051220033,0.082117215,1.0
1754,0.41600046,0.019982632,1.0
1755,0.7975127,0.09711905,1.0
1756,0.51024914,0.14527632,1.0
1757,1.0253856,0.04789853,1.0
1758,1.1658359,0.15448238,1.0
1759,0.8791321,0.004340847,1.0
1760,1.0096717,-0.18774243,1.0
1761,0.25174114,0.045882266,1.0
1762,0.6781872,-0.118652254,1.0
1763,0.21588247,0.1907701,1.0
1764,0.77756804,-0.124904595,1.0
1765,1.2143775,-0.19700627,1.0
1766,0.80235493,0.118972935,1.0
1767,0.21185708,0.03172188,1.0
1768,0.500967,0.09778196,1.0
1769,1.181658,0.15144649,1.0
1770,1.0175955,-0.011733341,1.0
1771,1.2759721,0.060923565,1.0
1772,0.89635193,-0.036970604,1.0
1773,0.33063468,0.0026433964,1.0
1774,0.7959424,0.0575491,1.0
1775,0.5129529,0.073312655,1.0
1776,1.210903,-0.08789298,1.0
1777,0.5392535,-0.03806975,1.0
1778,0.32630005,-0.10739781,1.0
1779,0.7396047,0.08796801,1.0
1780,1.3667886,-0.101220205,1.0
1781,1.332484,0.17955098,1.0
1782,0.1179445,0.13388748,1.0
1783,0.7732359,-0.15526949,1.0
1784,0.21706836,0.09337848,1.0
1785,1.2416316,0.036445763,1.0
1786,1.0581545,0.08250344,1.0
1787,1.1497918,0.068954624,1.0
1788,0.83270955,0.13340172,1.0
1789,0.54785126,-0.020041913,1.0
1790,0.37715542,0.014475729,1.0
1791,0.472922,0.14930175,1.0
1792,1.1888487,0.036536213,1.0
1793,0.25819683,0.121365726,1.0
1794,0.63613737,-0.10808351,1.0
1795,0.6299056,-0.10117533,1.0
1796,0.833876,-0.08375491,1.0
1797,1.1577096,0.10660606,1.0
1798,1.0701618,-0.099119335,1.0
1799,1.4856629,0.16059615,1.0
1800,0.8436928,-0.1552634,1.0
1801,0.058700386,-0.041495834,1.0
1802,0.9590839,-0.07862925,1.0
1803,0.14648044,-0.13823299,1.0
1804,1.040308,-0.06808302,1.0
1805,0.67683405,-0.004940903,1.0
1806,0.19134633,0.043781295,1.0
1807,0.80349123,0.15501158,1.0
1808,0.055912767,0.14780764,1.0
1809,1.4516869,-0.13483873,1.0
1810,0.6122966,0.11313907,1.0
1811,1.1972287,-0.036116034,1.0
1812,0.59167945,-0.14678377,1.0
1813,0.34517425,0.051221192,1.0
1814,0.54679096,-0.12232033,1.0
1815,0.050710008,0.018396702,1.0
1816,1.0531229,0.15175249,1.0
1817,1.2515101,-0.15700085,1.0
1818,0.4075619,-0.06958681,1.0
1819,0.99906236,-0.08096322,1.0
1820,1.4249274,0.042830374,1.0
1821,1.0378609,0.08750516,1.0
1822,1.3594792,-0.029206112,1.0
1823,1.11457,0.1577512,1.0
1824,0.94925904,0.11307613,1.0
1825,0.7980079,0.11377056,1.0
1826,0.86682296,-0.04640533,1.0
1827,0.94200563,0.09856057,1.0
1828,1.2537428,-0.12320255,1.0
1829,0.382242,0.12264473,1.0
1830,0.63903004,-0.1399862,1.0
1831,0.8715676,0.13340358,1.0
1832,0.7173604,0.13831392,1.0
1833,1.4447616,-0.1033907,1.0
1834,0.81777245,0.00033487866,1.0
1835,0.62232435,0.026121257,1.0
1836,0.016085543,-0.13723952,1.0
1837,0.95809114,0.1672737,1.0
1838,0.84593016,0.01731933,1.0
1839,0.8600195,0.15447369,1.0
1840,0.50236464,-0.16312121,1.0
1841,1.2062237,-0.16379552,1.0
1842,1.3114778,0.18614365,1.0
1843,0.20560199,0.034390654,1.0
1844,0.13875261,0.06784832,1.0
1845,0.15121382,0.12358472,1.0
1846,0.33950993,0.09259222,1.0
1847,0.25473037,-0.17127547,1.0
1848,1.1542746,0.051403712,1.0
1849,0.20498729,0.00556346,1.0
1850,0.6195624,0.16932677,1.0
1851,1.0156186,0.058501933,1.0
1852,0.025850745,-0.00699463,1.0
1853,0.25707197,0.18057403,1.0
1854,1.3105954,-0.0712733,1.0
1855,0.58755064,-0.17346878,1.0
1856,0.28191164,0.19359411,1.0
1857,0.08630143,0.11681787,1.0
1858,0.3041771,-0.17652453,1.0
1859,0.6190451,0.09530604,1.0
1860,0.923207,-0.026944935,1.0
1861,0.33572403,-0.1826397,1.0
1862,0.49299967,0.08963061,1.0
1863,0.6738266,-0.026249979,1.0
1864,1.3698841,0.021774085,1.0
1865,1.4186203,0.19679816,1.0
1866,0.5499695,0.1690538,1.0
1867,1.1778784,0.18857667,1.0
1868,0.23758957,0.11317521,1.0
1869,0.8638979,0.053354736,1.0
1870,0.59218925,-0.1602509,1.0
1871,0.57182014,-0.15270872,1.0
1872,0.22478259,0.041663762,1.0
1873,1.2886103,-0.008937585,1.0
1874,0.07495601,-0.0100103505,1.0
1875,0.37105334,0.10432591,1.0
1876,0.906841,-0.11681688,1.0
1877,1.1143519,-0.045420088,1.0
1878,0.7273224,0.037493404,1.0
1879,1.0039915,-0.17222786,1.0
1880,0.26251003,0.015491428,1.0
1881,0.39270964,-0.004968058,1.0
1882,0.19744334,-0.0937122,1.0
1883,0.83196187,0.056416184,1.0
1884,0.80533963,0.14487256,1.0
1885,1.4700013,-0.058086716,1.0
1886,1.3579689,-0.11249088,1.0
1887,1.3198624,-0.031271834,1.0
1888,1.3753614,0.020118404,1.0
1889,0.61179906,0.09443918,1.0
1890,0.6578121,0.0099107735,1.0
1891,0.7812067,-0.010608334,1.0
1892,1.3548428,-0.13618764,1.0
1893,0.68198943,-0.05499389,1.0
1894,0.47788915,0.15844156,1.0
1895,0.45802835,-0.16314483,1.0
1896,0.38449115,0.029760078,1.0
1897,0.5519154,0.14333819,1.0
1898,0.40587723,-0.06812538,1.0
1899,0.4132706,-0.059345216,1.0
1900,0.21652415,-0.082314216,1.0
1901,0.8817673,0.09237133,1.0
1902,0.8452934,0.19159414,1.0
1903,0.84765774,-0.037840758,1.0
1904,1.3512356,0.026317697,1.0
1905,1.4489759,0.013636362,1.0
1906,0.0035003312,-0.10039709,1.0
1907,0.8580471,-0.083084,1.0
1908,0.48553303,0.10515461,1.0
1909,0.9674489,0.059837736,1.0
1910,0.17188969,0.15939964,1.0
1911,1.0815068,-0.025350755,1.0
1912,1.2865086,-0.09518018,1.0
1913,1.4889872,-0.09567379,1.0
1914,0.3561317,-0.034719966,1.0
1915,0.100091726,-0.022896532,1.0
1916,0.42446515,0.17902668,1.0
1917,0.59108,-0.1784098,1.0
1918,0.5550493,0.05821624,1.0
1919,1.4710726,0.035820443,1.0
1920,0.662569,0.12230479,1.0
1921,0.18968068,0.061714843,1.0
1922,0.49859428,-0.028865078,1.0
1923,0.18647242,-0.021202484,1.0
1924,1.102402,-0.17623647,1.0
1925,1.4939466,-0.17729019,1.0
1926,0.71715486,0.09665078,1.0
1927,0.6680765,0.083649874,1.0
1928,0.46213722,0.12625545,1.0
1929,0.34944406,-0.026715674,1.0
1930,0.11284899,0.0836252,1.0
1931,0.92481375,0.1755282,1.0
1932,0.41373244,-0.042765535,1.0
1933,0.51276976,-0.14287592,1.0
1934,0.71489084,0.12799847,1.0
1935,0.5335409,0.18855035,1.0
1936,0.40622386,0.15800987,1.0
1937,0.51537967,0.15416771,1.0
1938,1.3963462,-0.16259691,1.0
1939,0.13616839,0.06408569,1.0
1940,0.78417933,-0.19079866,1.0
1941,1.4480263,-0.16660687,1.0
1942,0.84268147,-0.028643262,1.0
1943,1.197363,0.18046297,1.0
1944,0.07813809,0.13217095,1.0
1945,0.40372813,0.054482646,1.0
1946,1.3077866,0.01721962,1.0
1947,0.1844728,-0.08753171,1.0
1948,1.0958034,-0.14460309,1.0
1949,0.06974925,0.02176097,1.0
1950,0.2429452,0.088690154,1.0
1951,1.3631436,0.16321926,1.0
1952,0.81690276,0.1645736,1.0
1953,0.02937806,0.09452921,1.0
1954,0.89128554,0.14454877,1.0
1955,0.92003405,0.076938964,1.0
1956,0.3780503,0.102354795,1.0
1957,0.60195374,-0.09572351,1.0
1958,0.65438426,0.019257748,1.0
1959,1.2435187,-0.14991248,1.0
1960,1.1524384,0.09737768,1.0
1961,0.9315203,0.015027311,1.0
1962,0.8627665,-0.1077139,1.0
1963,0.43286806,-0.049991235,1.0
1964,1.0322294,-0.16648346,1.0
1965,0.11829357,0.100600004,1.0
1966,1.0831075,-0.13445067,1.0
1967,0.5553383,-0.086464226,1.0
1968,0.07508282,0.05359535,1.0
1969,0.705561,-0.058317576,1.0
1970,1.0633315,0.16443558,1.0
1971,1.3539162,0.09986507,1.0
1972,0.1792785,0.057996858,1.0
1973,0.9459093,0.14192908,1.0
1974,1.02181,-0.01942959,1.0
1975,0.202609,0.15315044,1.0
1976,1.4661188,0.13858347,1.0
1977,1.2353367,-0.01348209,1.0
1978,1.1565595,-0.12424413,1.0
1979,0.20430934,-0.11199298,1.0
1980,0.6860911,-0.10568241,1.0
1981,0.5358702,0.007903035,1.0
1982,1.4702381,0.0023547297,1.0
1983,0.15900224,0.070605345,1.0
1984,0.592709,-0.1416603,1.0
1985,1.3026056,0.06428543,1.0
1986,0.015892463,-0.049166463,1.0
1987,1.1515915,0.08364253,1.0
1988,0.68046665,-0.12453784,1.0
1989,1.0265957,-0.020812131,1.0
1990,0.6106527,-0.16298889,1.0
1991,0.3747,0.09927779,1.0
1992,0.5060061,0.002402407,1.0
1993,1.037576,0.1516106,1.0
1994,1.0613785,-0.014109682,1.0
1995,0.8679471,-0.055919316,1.0
1996,1.0135454,0.19846888,1.0
1997,0.8329637,-0.14871988,1.0
1998,1.1936111,-0.1725248,1.0
1999,0.2568591,-0.1840445,1.0
